Signature,Time,Action,From,To,Amount,Decimals,TokenAddress
4cfXRSe3ncom4acJhSGezeMpKxS382sAkv82H1ejMPcaBKhcMjz971CPYBd29AvxC64dbizVWZQzDpJhu7DRcnMp,1723278962,TRANSFER,6Fx4Q8Zt3nahUq9FjyFjFASfMB8GTFqvnQZf4g5ETPuD,GaAWFmQHy7sxsZezrpBNCGHwSohYyw7AX9JCphDpix1m,5166303808,9,SOL
2TNYbNq7oV8cRnmJjATPGD4dw5PYFYDHKrTid2GpdL6LDc87wgEMhZMdNQJKX1Ko3Si2W78Yp4wD2g5teUxV2jxg,1723278932,TRANSFER,6Fx4Q8Zt3nahUq9FjyFjFASfMB8GTFqvnQZf4g5ETPuD,ECzHwQEsdYcnuNYCLvN7tHCYEwsVq7aMGQh2HBjDjd3S,60735849000000,6,Hz3svpgsKLjzNm67VKZ5vNcYsC86gsnmoK1v12hXpump
2TNYbNq7oV8cRnmJjATPGD4dw5PYFYDHKrTid2GpdL6LDc87wgEMhZMdNQJKX1Ko3Si2W78Yp4wD2g5teUxV2jxg,1723278932,TRANSFER,6Fx4Q8Zt3nahUq9FjyFjFASfMB8GTFqvnQZf4g5ETPuD,Cw8CFyM9FkoMi7K7Crf6HNQqf4uEMzpKw6QNghXLvLkY,3000000,9,SOL
3a8iTzBeEuvCY2ELDXF5Vj6z9zTSQvsbSx1pENX6mBbpkHGgdLsuuWev7oBKWXp79FNNxmxLm12oGesYehXhhRWR,1723278928,TRANSFER,55BRWmA3HV1JvG8U9Uq6R9goEJ6fFzR8txzeE8hr4Fe8,6Fx4Q8Zt3nahUq9FjyFjFASfMB8GTFqvnQZf4g5ETPuD,1,9,SOL
3Z8xF3xhfuaUHZsq3Qq7ToL3FLPv2b7dtsZRJp68ZP3ez9QbRQn9JvAsyYTeUmqUNknyDFiyjFYRppzqhVfCFJ9y,1723278919,TRANSFER,66ez2DrxtKWN2yr5PLTACxKwWHawQDVHJPHevKw3wkZJ,6Fx4Q8Zt3nahUq9FjyFjFASfMB8GTFqvnQZf4g5ETPuD,1,9,SOL
2rKXyhvSokgYwvgyvrucx2y7TMD4v3gL3U8eFGn5aT8BVfPhya2FSbKrpiH7dcXox1PqvHC4tnKjB2EDkoqnu34T,1723278915,TRANSFER,botnJaDcwwfuhkMU1B7hAFg4E6BZA1UZA6vF4midKB8,6Fx4Q8Zt3nahUq9FjyFjFASfMB8GTFqvnQZf4g5ETPuD,1,9,SOL
o1MQQg2upScsMssA44zWTWK6K1Mf3gbd1yWvri4zJadpUj7uzFBRKvH8e4FgXbipZbQWCdraRtuDBYjGQThQqpC,1723278903,TRANSFER,6Fx4Q8Zt3nahUq9FjyFjFASfMB8GTFqvnQZf4g5ETPuD,CebN5WGQ4jvEPvsVU4EoHEpgzq1VV7AbicfhtW4xC9iM,18000000,9,SOL
o1MQQg2upScsMssA44zWTWK6K1Mf3gbd1yWvri4zJadpUj7uzFBRKvH8e4FgXbipZbQWCdraRtuDBYjGQThQqpC,1723278903,TRANSFER,6Fx4Q8Zt3nahUq9FjyFjFASfMB8GTFqvnQZf4g5ETPuD,ECzHwQEsdYcnuNYCLvN7tHCYEwsVq7aMGQh2HBjDjd3S,1800000000,9,SOL
o1MQQg2upScsMssA44zWTWK6K1Mf3gbd1yWvri4zJadpUj7uzFBRKvH8e4FgXbipZbQWCdraRtuDBYjGQThQqpC,1723278903,TRANSFER,ECzHwQEsdYcnuNYCLvN7tHCYEwsVq7aMGQh2HBjDjd3S,6Fx4Q8Zt3nahUq9FjyFjFASfMB8GTFqvnQZf4g5ETPuD,60735849056603,6,Hz3svpgsKLjzNm67VKZ5vNcYsC86gsnmoK1v12hXpump
o1MQQg2upScsMssA44zWTWK6K1Mf3gbd1yWvri4zJadpUj7uzFBRKvH8e4FgXbipZbQWCdraRtuDBYjGQThQqpC,1723278903,CREATE ACCOUNT,6Fx4Q8Zt3nahUq9FjyFjFASfMB8GTFqvnQZf4g5ETPuD,D9tFG8ybAM62kKQ33bMr9uov5x6j59upeBkLjHG1DHuV,2039280,9,SOL
o1MQQg2upScsMssA44zWTWK6K1Mf3gbd1yWvri4zJadpUj7uzFBRKvH8e4FgXbipZbQWCdraRtuDBYjGQThQqpC,1723278903,TRANSFER,6Fx4Q8Zt3nahUq9FjyFjFASfMB8GTFqvnQZf4g5ETPuD,9BgRqTRajLT3km42maDX8yqR7aPB3asJTfWH8WQFhJp2,15616720,9,SOL
o1MQQg2upScsMssA44zWTWK6K1Mf3gbd1yWvri4zJadpUj7uzFBRKvH8e4FgXbipZbQWCdraRtuDBYjGQThQqpC,1723278903,CREATE ACCOUNT,6Fx4Q8Zt3nahUq9FjyFjFASfMB8GTFqvnQZf4g5ETPuD,J9mHVZtyQYcnPd2qV2ijL9Vr5KwY9GjSJsvLUW3iPmYJ,2039280,9,SOL
o1MQQg2upScsMssA44zWTWK6K1Mf3gbd1yWvri4zJadpUj7uzFBRKvH8e4FgXbipZbQWCdraRtuDBYjGQThQqpC,1723278903,CREATE ACCOUNT,6Fx4Q8Zt3nahUq9FjyFjFASfMB8GTFqvnQZf4g5ETPuD,ECzHwQEsdYcnuNYCLvN7tHCYEwsVq7aMGQh2HBjDjd3S,1231920,9,SOL
o1MQQg2upScsMssA44zWTWK6K1Mf3gbd1yWvri4zJadpUj7uzFBRKvH8e4FgXbipZbQWCdraRtuDBYjGQThQqpC,1723278903,CREATE ACCOUNT,6Fx4Q8Zt3nahUq9FjyFjFASfMB8GTFqvnQZf4g5ETPuD,Hz3svpgsKLjzNm67VKZ5vNcYsC86gsnmoK1v12hXpump,1461600,9,SOL
o1MQQg2upScsMssA44zWTWK6K1Mf3gbd1yWvri4zJadpUj7uzFBRKvH8e4FgXbipZbQWCdraRtuDBYjGQThQqpC,1723278903,TRANSFER,6Fx4Q8Zt3nahUq9FjyFjFASfMB8GTFqvnQZf4g5ETPuD,Cw8CFyM9FkoMi7K7Crf6HNQqf4uEMzpKw6QNghXLvLkY,4000000,9,SOL
3c6spfboso8zhR1ZBwzbYuR8TQSTL6jQoEo5L5ARapjnq9taaPEkQLK6YhcuGA7JL9do5RxsFb3WJV47VKcFnb9g,1723278862,TRANSFER,6Fx4Q8Zt3nahUq9FjyFjFASfMB8GTFqvnQZf4g5ETPuD,3QZGc5NhxNqg3k5Y11eUiEaPNpCbV7Yqk18KmuqMDMBM,60735849000000,6,FBBEVgoLAvxcoo9r6AcS24hjUka2CSpxZYgwrqrUUoxS
3c6spfboso8zhR1ZBwzbYuR8TQSTL6jQoEo5L5ARapjnq9taaPEkQLK6YhcuGA7JL9do5RxsFb3WJV47VKcFnb9g,1723278862,TRANSFER,6Fx4Q8Zt3nahUq9FjyFjFASfMB8GTFqvnQZf4g5ETPuD,Cw8CFyM9FkoMi7K7Crf6HNQqf4uEMzpKw6QNghXLvLkY,3000000,9,SOL
85vGQFMLsSusLEhX2bhU8Uw8aMKE5s46EC5ee6TAuKHqBq3Xzs3hHXM2SAYU8ewPqYV2Ldi2b9Y9dLoa4aorHFx,1723278821,TRANSFER,6Fx4Q8Zt3nahUq9FjyFjFASfMB8GTFqvnQZf4g5ETPuD,CebN5WGQ4jvEPvsVU4EoHEpgzq1VV7AbicfhtW4xC9iM,18000000,9,SOL
85vGQFMLsSusLEhX2bhU8Uw8aMKE5s46EC5ee6TAuKHqBq3Xzs3hHXM2SAYU8ewPqYV2Ldi2b9Y9dLoa4aorHFx,1723278821,TRANSFER,6Fx4Q8Zt3nahUq9FjyFjFASfMB8GTFqvnQZf4g5ETPuD,3QZGc5NhxNqg3k5Y11eUiEaPNpCbV7Yqk18KmuqMDMBM,1800000000,9,SOL
85vGQFMLsSusLEhX2bhU8Uw8aMKE5s46EC5ee6TAuKHqBq3Xzs3hHXM2SAYU8ewPqYV2Ldi2b9Y9dLoa4aorHFx,1723278821,TRANSFER,3QZGc5NhxNqg3k5Y11eUiEaPNpCbV7Yqk18KmuqMDMBM,6Fx4Q8Zt3nahUq9FjyFjFASfMB8GTFqvnQZf4g5ETPuD,60735849056603,6,FBBEVgoLAvxcoo9r6AcS24hjUka2CSpxZYgwrqrUUoxS
85vGQFMLsSusLEhX2bhU8Uw8aMKE5s46EC5ee6TAuKHqBq3Xzs3hHXM2SAYU8ewPqYV2Ldi2b9Y9dLoa4aorHFx,1723278821,CREATE ACCOUNT,6Fx4Q8Zt3nahUq9FjyFjFASfMB8GTFqvnQZf4g5ETPuD,8n8yXrZaRD9hSZw9iDxjda46p6VUwsAtNrQC1AnSXAsr,2039280,9,SOL
85vGQFMLsSusLEhX2bhU8Uw8aMKE5s46EC5ee6TAuKHqBq3Xzs3hHXM2SAYU8ewPqYV2Ldi2b9Y9dLoa4aorHFx,1723278821,TRANSFER,6Fx4Q8Zt3nahUq9FjyFjFASfMB8GTFqvnQZf4g5ETPuD,DAmwBmiZkCbqWydBZbifMgWp1qwSZwML2Qb55tFdF3oh,15616720,9,SOL
85vGQFMLsSusLEhX2bhU8Uw8aMKE5s46EC5ee6TAuKHqBq3Xzs3hHXM2SAYU8ewPqYV2Ldi2b9Y9dLoa4aorHFx,1723278821,CREATE ACCOUNT,6Fx4Q8Zt3nahUq9FjyFjFASfMB8GTFqvnQZf4g5ETPuD,Hy2cs5wTFXURLwVsUaT1o9J7TZ3WBksbKQZPAk7Wviiz,2039280,9,SOL
85vGQFMLsSusLEhX2bhU8Uw8aMKE5s46EC5ee6TAuKHqBq3Xzs3hHXM2SAYU8ewPqYV2Ldi2b9Y9dLoa4aorHFx,1723278821,CREATE ACCOUNT,6Fx4Q8Zt3nahUq9FjyFjFASfMB8GTFqvnQZf4g5ETPuD,3QZGc5NhxNqg3k5Y11eUiEaPNpCbV7Yqk18KmuqMDMBM,1231920,9,SOL
85vGQFMLsSusLEhX2bhU8Uw8aMKE5s46EC5ee6TAuKHqBq3Xzs3hHXM2SAYU8ewPqYV2Ldi2b9Y9dLoa4aorHFx,1723278821,CREATE ACCOUNT,6Fx4Q8Zt3nahUq9FjyFjFASfMB8GTFqvnQZf4g5ETPuD,FBBEVgoLAvxcoo9r6AcS24hjUka2CSpxZYgwrqrUUoxS,1461600,9,SOL
85vGQFMLsSusLEhX2bhU8Uw8aMKE5s46EC5ee6TAuKHqBq3Xzs3hHXM2SAYU8ewPqYV2Ldi2b9Y9dLoa4aorHFx,1723278821,TRANSFER,6Fx4Q8Zt3nahUq9FjyFjFASfMB8GTFqvnQZf4g5ETPuD,Cw8CFyM9FkoMi7K7Crf6HNQqf4uEMzpKw6QNghXLvLkY,4000000,9,SOL
4Jg1H5W2Vk2GXeqbZZdqa3c43fEDaMjeqijnXxhNs5bbjiNwQzsQjYaF4JerLjiLwMNLQVDYgjCEELzvdGbdeRCe,1723278715,TRANSFER,8W8nX79qzLzebNVCXb7SN7ycKYpVjXvAoCqfYcanV9si,6Fx4Q8Zt3nahUq9FjyFjFASfMB8GTFqvnQZf4g5ETPuD,1000,9,SOL
4bUQaMRVhyZQpFR6N24xzKAjrnktx1CsZWUfrkoiECGxUv1Qi8TeSwG8X22nUqBnHME1R2F6rhHxQ9uNg4G8185T,1723278711,TRANSFER,8EqKabAhQ38rEVsU2cC9zKdiseVnMx8E588LDAGqV9si,6Fx4Q8Zt3nahUq9FjyFjFASfMB8GTFqvnQZf4g5ETPuD,1000,9,SOL
2KSxVPiBsdshF7q3bKBFebgi6GzAbFxQrYSr4Q4SY4B93oq8M24yDAKEuY3nLTTu7ktCqPqkphkNCuV97m8UZrqn,1723278694,TRANSFER,8eaY4wZodpRV5akFCAhP7nEEEMwbqyojRKZcEogV9si,6Fx4Q8Zt3nahUq9FjyFjFASfMB8GTFqvnQZf4g5ETPuD,4985147876,9,SOL
36n72GgicJ93DGiozE9BQmBiGToZypNsdTfFDxBWbo4JTasdr38Kp6F7yjgrZKkAwQzkBJsnWSZkyFG3HVDpxvLx,1722753664,TRANSFER,6Fx4Q8Zt3nahUq9FjyFjFASfMB8GTFqvnQZf4g5ETPuD,8euGrqB1AgFxGhSPN2rHU8qSVyYvzuvgshSD9swboXSM,2171061246,9,SOL
2uZJYMwmFxZZYiKyUmFxg35TSPG6o2LTmFkAqgeQ6sZBgf1QuwvWRLTZuF5moZhWQpBbiYxf3iGByaMt6zdFjhfW,1722753635,TRANSFER,6Fx4Q8Zt3nahUq9FjyFjFASfMB8GTFqvnQZf4g5ETPuD,AzW5kmer7r4Vjf8XrYEp5StzedJRNqPRMRBW3HREQ3uh,47840764000000,6,D6xrKXry7ncV6DomDBPDiP8LotBAq7BMQMGT3JuxZ2WM
2uZJYMwmFxZZYiKyUmFxg35TSPG6o2LTmFkAqgeQ6sZBgf1QuwvWRLTZuF5moZhWQpBbiYxf3iGByaMt6zdFjhfW,1722753635,TRANSFER,6Fx4Q8Zt3nahUq9FjyFjFASfMB8GTFqvnQZf4g5ETPuD,HWEoBxYs7ssKuudEjzjmpfJVX7Dvi7wescFsVx2L5yoY,3000000,9,SOL
5gDngiJNBHQTnqnHSxoGwBLp8HKhjtgL4oCuCpEv3SWsuPKha5D7htpkoumg891oq4jGm3RkdaHTt2evGCVJ6J1K,1722753536,TRANSFER,6Fx4Q8Zt3nahUq9FjyFjFASfMB8GTFqvnQZf4g5ETPuD,CebN5WGQ4jvEPvsVU4EoHEpgzq1VV7AbicfhtW4xC9iM,14000000,9,SOL
5gDngiJNBHQTnqnHSxoGwBLp8HKhjtgL4oCuCpEv3SWsuPKha5D7htpkoumg891oq4jGm3RkdaHTt2evGCVJ6J1K,1722753536,TRANSFER,6Fx4Q8Zt3nahUq9FjyFjFASfMB8GTFqvnQZf4g5ETPuD,AzW5kmer7r4Vjf8XrYEp5StzedJRNqPRMRBW3HREQ3uh,1400000000,9,SOL
5gDngiJNBHQTnqnHSxoGwBLp8HKhjtgL4oCuCpEv3SWsuPKha5D7htpkoumg891oq4jGm3RkdaHTt2evGCVJ6J1K,1722753536,TRANSFER,AzW5kmer7r4Vjf8XrYEp5StzedJRNqPRMRBW3HREQ3uh,6Fx4Q8Zt3nahUq9FjyFjFASfMB8GTFqvnQZf4g5ETPuD,47840764331210,6,D6xrKXry7ncV6DomDBPDiP8LotBAq7BMQMGT3JuxZ2WM
5gDngiJNBHQTnqnHSxoGwBLp8HKhjtgL4oCuCpEv3SWsuPKha5D7htpkoumg891oq4jGm3RkdaHTt2evGCVJ6J1K,1722753536,CREATE ACCOUNT,6Fx4Q8Zt3nahUq9FjyFjFASfMB8GTFqvnQZf4g5ETPuD,EDaQ1jCap1LUF7xR3w6aqMrycEekwn2uSZqFibJeHhUd,2039280,9,SOL
5gDngiJNBHQTnqnHSxoGwBLp8HKhjtgL4oCuCpEv3SWsuPKha5D7htpkoumg891oq4jGm3RkdaHTt2evGCVJ6J1K,1722753536,TRANSFER,6Fx4Q8Zt3nahUq9FjyFjFASfMB8GTFqvnQZf4g5ETPuD,6QKYjpoYPtApus3QjwGLDPxXbvkDE8rNmf4Lxc1wdwUQ,15616720,9,SOL
5gDngiJNBHQTnqnHSxoGwBLp8HKhjtgL4oCuCpEv3SWsuPKha5D7htpkoumg891oq4jGm3RkdaHTt2evGCVJ6J1K,1722753536,CREATE ACCOUNT,6Fx4Q8Zt3nahUq9FjyFjFASfMB8GTFqvnQZf4g5ETPuD,GGExhNarJ9y7wmxg9m9dNTSVypJnRmdRXf8Rj9D9jc39,2039280,9,SOL
5gDngiJNBHQTnqnHSxoGwBLp8HKhjtgL4oCuCpEv3SWsuPKha5D7htpkoumg891oq4jGm3RkdaHTt2evGCVJ6J1K,1722753536,CREATE ACCOUNT,6Fx4Q8Zt3nahUq9FjyFjFASfMB8GTFqvnQZf4g5ETPuD,AzW5kmer7r4Vjf8XrYEp5StzedJRNqPRMRBW3HREQ3uh,1231920,9,SOL
5gDngiJNBHQTnqnHSxoGwBLp8HKhjtgL4oCuCpEv3SWsuPKha5D7htpkoumg891oq4jGm3RkdaHTt2evGCVJ6J1K,1722753536,CREATE ACCOUNT,6Fx4Q8Zt3nahUq9FjyFjFASfMB8GTFqvnQZf4g5ETPuD,D6xrKXry7ncV6DomDBPDiP8LotBAq7BMQMGT3JuxZ2WM,1461600,9,SOL
5gDngiJNBHQTnqnHSxoGwBLp8HKhjtgL4oCuCpEv3SWsuPKha5D7htpkoumg891oq4jGm3RkdaHTt2evGCVJ6J1K,1722753536,TRANSFER,6Fx4Q8Zt3nahUq9FjyFjFASfMB8GTFqvnQZf4g5ETPuD,HWEoBxYs7ssKuudEjzjmpfJVX7Dvi7wescFsVx2L5yoY,4000000,9,SOL
42gaUmWaZDpWjUAunLsCj9jXxJkE5kfHLC8WxdqdnrVgwmbybW17WSm8yRu49cwE2bVh92Tdfc3cpnGAZo6b8wjM,1722753141,TRANSFER,55BRWmA3HV1JvG8U9Uq6R9goEJ6fFzR8txzeE8hr4Fe8,6Fx4Q8Zt3nahUq9FjyFjFASfMB8GTFqvnQZf4g5ETPuD,1,9,SOL
4K9MuUp95mTZMxW75WWw2Dhgo52Pup4H3oX1uzvNmhLJdfhF6DRiWwS5vqRDYFMB78tBuqLP2hjpn2qoPwAEo8Dv,1722753136,TRANSFER,66ez2DrxtKWN2yr5PLTACxKwWHawQDVHJPHevKw3wkZJ,6Fx4Q8Zt3nahUq9FjyFjFASfMB8GTFqvnQZf4g5ETPuD,1,9,SOL
3Y1TtJZQsPyhefZw4SH1YcjVxWdxvZySh5ZtjBfbxMPTZh1SzWxEtegbHz67n84XuAkzjKNex3rihubHrkCLxgRt,1722752986,TRANSFER,6Fx4Q8Zt3nahUq9FjyFjFASfMB8GTFqvnQZf4g5ETPuD,HYiU4N6zZ54H2jtZiLVYcdhWTc1sB3QUhKatiY8Pcfyv,47840764000000,6,GBmzgjFm6yz3XJAvFTLPdr7rap2Xr8JcDzjK3eH5jn3s
3Y1TtJZQsPyhefZw4SH1YcjVxWdxvZySh5ZtjBfbxMPTZh1SzWxEtegbHz67n84XuAkzjKNex3rihubHrkCLxgRt,1722752986,TRANSFER,6Fx4Q8Zt3nahUq9FjyFjFASfMB8GTFqvnQZf4g5ETPuD,HWEoBxYs7ssKuudEjzjmpfJVX7Dvi7wescFsVx2L5yoY,3000000,9,SOL
3gV7YD4ReELCuDadiKbbn7KNaW9NjWXCYg3396rP3c4PQY5yK7W7QWyVvSr2prDcpKPeQPY3ZmbYfkUKxjiR4SE1,1722752936,TRANSFER,6Fx4Q8Zt3nahUq9FjyFjFASfMB8GTFqvnQZf4g5ETPuD,CebN5WGQ4jvEPvsVU4EoHEpgzq1VV7AbicfhtW4xC9iM,14000000,9,SOL
3gV7YD4ReELCuDadiKbbn7KNaW9NjWXCYg3396rP3c4PQY5yK7W7QWyVvSr2prDcpKPeQPY3ZmbYfkUKxjiR4SE1,1722752936,TRANSFER,6Fx4Q8Zt3nahUq9FjyFjFASfMB8GTFqvnQZf4g5ETPuD,HYiU4N6zZ54H2jtZiLVYcdhWTc1sB3QUhKatiY8Pcfyv,1400000000,9,SOL
3gV7YD4ReELCuDadiKbbn7KNaW9NjWXCYg3396rP3c4PQY5yK7W7QWyVvSr2prDcpKPeQPY3ZmbYfkUKxjiR4SE1,1722752936,TRANSFER,HYiU4N6zZ54H2jtZiLVYcdhWTc1sB3QUhKatiY8Pcfyv,6Fx4Q8Zt3nahUq9FjyFjFASfMB8GTFqvnQZf4g5ETPuD,47840764331210,6,GBmzgjFm6yz3XJAvFTLPdr7rap2Xr8JcDzjK3eH5jn3s
3gV7YD4ReELCuDadiKbbn7KNaW9NjWXCYg3396rP3c4PQY5yK7W7QWyVvSr2prDcpKPeQPY3ZmbYfkUKxjiR4SE1,1722752936,CREATE ACCOUNT,6Fx4Q8Zt3nahUq9FjyFjFASfMB8GTFqvnQZf4g5ETPuD,GsWJvUJehwsPK6UE4urAE2fXMiCtpicANHwUAmoVgPnS,2039280,9,SOL
3gV7YD4ReELCuDadiKbbn7KNaW9NjWXCYg3396rP3c4PQY5yK7W7QWyVvSr2prDcpKPeQPY3ZmbYfkUKxjiR4SE1,1722752936,TRANSFER,6Fx4Q8Zt3nahUq9FjyFjFASfMB8GTFqvnQZf4g5ETPuD,D5Wc2Qkeq7ve5BzzteDruTN5a9YNqCqJfVkP3BFTth9S,15616720,9,SOL
3gV7YD4ReELCuDadiKbbn7KNaW9NjWXCYg3396rP3c4PQY5yK7W7QWyVvSr2prDcpKPeQPY3ZmbYfkUKxjiR4SE1,1722752936,CREATE ACCOUNT,6Fx4Q8Zt3nahUq9FjyFjFASfMB8GTFqvnQZf4g5ETPuD,3VVGCXSa8sVWzDrVN5f7zv2BBfjAjQGyVNUts7LVFhDU,2039280,9,SOL
3gV7YD4ReELCuDadiKbbn7KNaW9NjWXCYg3396rP3c4PQY5yK7W7QWyVvSr2prDcpKPeQPY3ZmbYfkUKxjiR4SE1,1722752936,CREATE ACCOUNT,6Fx4Q8Zt3nahUq9FjyFjFASfMB8GTFqvnQZf4g5ETPuD,HYiU4N6zZ54H2jtZiLVYcdhWTc1sB3QUhKatiY8Pcfyv,1231920,9,SOL
3gV7YD4ReELCuDadiKbbn7KNaW9NjWXCYg3396rP3c4PQY5yK7W7QWyVvSr2prDcpKPeQPY3ZmbYfkUKxjiR4SE1,1722752936,CREATE ACCOUNT,6Fx4Q8Zt3nahUq9FjyFjFASfMB8GTFqvnQZf4g5ETPuD,GBmzgjFm6yz3XJAvFTLPdr7rap2Xr8JcDzjK3eH5jn3s,1461600,9,SOL
3gV7YD4ReELCuDadiKbbn7KNaW9NjWXCYg3396rP3c4PQY5yK7W7QWyVvSr2prDcpKPeQPY3ZmbYfkUKxjiR4SE1,1722752936,TRANSFER,6Fx4Q8Zt3nahUq9FjyFjFASfMB8GTFqvnQZf4g5ETPuD,HWEoBxYs7ssKuudEjzjmpfJVX7Dvi7wescFsVx2L5yoY,4000000,9,SOL
nwy4nT18uqBkcvHDWkDHiPyzUfF2TXEGikE8gzgdFMGok9eVgBdGjomJTo3XAfMVcGbB4TZsyTLCw7NxeJcMGhn,1722752200,TRANSFER,55BRWmA3HV1JvG8U9Uq6R9goEJ6fFzR8txzeE8hr4Fe8,6Fx4Q8Zt3nahUq9FjyFjFASfMB8GTFqvnQZf4g5ETPuD,1,9,SOL
61TjezfQnCyvQR6Nnh36sBdWxnYhW66RR5E26RkL24AGfDZmX4D9jk1zYitooExW83CnMTCCgWABSWzzGpdzc4Ho,1722752180,TRANSFER,66ez2DrxtKWN2yr5PLTACxKwWHawQDVHJPHevKw3wkZJ,6Fx4Q8Zt3nahUq9FjyFjFASfMB8GTFqvnQZf4g5ETPuD,1,9,SOL
4KNVuqXJnVvqKjjpW3UA4KZy2Wvg374Q83RqyqR77KFVuQvR98NE1dRya8QHEz73RfgKhdNP5SsfzYN8wEFgJoRE,1722752180,TRANSFER,botnJaDcwwfuhkMU1B7hAFg4E6BZA1UZA6vF4midKB8,6Fx4Q8Zt3nahUq9FjyFjFASfMB8GTFqvnQZf4g5ETPuD,1,9,SOL
3ERmgUQcM39cS61pFoCwhGrRW8MY8W7ws4ZamiA4dUJ6hQ621cdRVx4hzdckRAWmDT2LrQJhHWMEb1GmkJE3K1ho,1722752079,TRANSFER,6Fx4Q8Zt3nahUq9FjyFjFASfMB8GTFqvnQZf4g5ETPuD,BJfHJvzaGoDEqrQ2fJJcAwVxyLiPtoBoraXqqbZUqEPG,47840764000000,6,95FmVzdsryrd8gqGNmkUoqEfK7vsUMfPHmf5EQXKQCy1
3ERmgUQcM39cS61pFoCwhGrRW8MY8W7ws4ZamiA4dUJ6hQ621cdRVx4hzdckRAWmDT2LrQJhHWMEb1GmkJE3K1ho,1722752079,TRANSFER,6Fx4Q8Zt3nahUq9FjyFjFASfMB8GTFqvnQZf4g5ETPuD,HWEoBxYs7ssKuudEjzjmpfJVX7Dvi7wescFsVx2L5yoY,3000000,9,SOL
27hs5diDukyvPY6DVk6vf1P18tnj2r196bCmoLcbfwREwmeXQCTUCLbGAdb8vrB6ciggh1z2K2v3vs8bMXHg4w5c,1722752036,TRANSFER,8A3uKyUQQaRcFwnhoMSue8mMWVXzmtnzUsQUPx3YKFRL,6Fx4Q8Zt3nahUq9FjyFjFASfMB8GTFqvnQZf4g5ETPuD,1000,9,SOL
4adAgYL1pT4vJbmtsXNJoGodRXqdzcg47Fs5r39xLXQniPYjGW9A9bnGE2YABU5acjrLVzB4NazRNMpAMmLtDnD6,1722752035,TRANSFER,6Fx4Q8Zt3nahUq9FjyFjFASfMB8GTFqvnQZf4g5ETPuD,CebN5WGQ4jvEPvsVU4EoHEpgzq1VV7AbicfhtW4xC9iM,14000000,9,SOL
4adAgYL1pT4vJbmtsXNJoGodRXqdzcg47Fs5r39xLXQniPYjGW9A9bnGE2YABU5acjrLVzB4NazRNMpAMmLtDnD6,1722752035,TRANSFER,6Fx4Q8Zt3nahUq9FjyFjFASfMB8GTFqvnQZf4g5ETPuD,BJfHJvzaGoDEqrQ2fJJcAwVxyLiPtoBoraXqqbZUqEPG,1400000000,9,SOL
4adAgYL1pT4vJbmtsXNJoGodRXqdzcg47Fs5r39xLXQniPYjGW9A9bnGE2YABU5acjrLVzB4NazRNMpAMmLtDnD6,1722752035,TRANSFER,BJfHJvzaGoDEqrQ2fJJcAwVxyLiPtoBoraXqqbZUqEPG,6Fx4Q8Zt3nahUq9FjyFjFASfMB8GTFqvnQZf4g5ETPuD,47840764331210,6,95FmVzdsryrd8gqGNmkUoqEfK7vsUMfPHmf5EQXKQCy1
4adAgYL1pT4vJbmtsXNJoGodRXqdzcg47Fs5r39xLXQniPYjGW9A9bnGE2YABU5acjrLVzB4NazRNMpAMmLtDnD6,1722752035,CREATE ACCOUNT,6Fx4Q8Zt3nahUq9FjyFjFASfMB8GTFqvnQZf4g5ETPuD,6wDhz9syzQ6NgaN8FGZ6y5qtz5QfdDtGKDpvBhSfQecq,2039280,9,SOL
4adAgYL1pT4vJbmtsXNJoGodRXqdzcg47Fs5r39xLXQniPYjGW9A9bnGE2YABU5acjrLVzB4NazRNMpAMmLtDnD6,1722752035,TRANSFER,6Fx4Q8Zt3nahUq9FjyFjFASfMB8GTFqvnQZf4g5ETPuD,J2xvJwqmCg46b3XibWcQr7q1ScHPJB5PAHGnbMaUn5Ta,15616720,9,SOL
4adAgYL1pT4vJbmtsXNJoGodRXqdzcg47Fs5r39xLXQniPYjGW9A9bnGE2YABU5acjrLVzB4NazRNMpAMmLtDnD6,1722752035,CREATE ACCOUNT,6Fx4Q8Zt3nahUq9FjyFjFASfMB8GTFqvnQZf4g5ETPuD,643h2pZjGzvE5W7bVDEKqNLgWmH7XKvViPzMX2xHteUR,2039280,9,SOL
4adAgYL1pT4vJbmtsXNJoGodRXqdzcg47Fs5r39xLXQniPYjGW9A9bnGE2YABU5acjrLVzB4NazRNMpAMmLtDnD6,1722752035,CREATE ACCOUNT,6Fx4Q8Zt3nahUq9FjyFjFASfMB8GTFqvnQZf4g5ETPuD,BJfHJvzaGoDEqrQ2fJJcAwVxyLiPtoBoraXqqbZUqEPG,1231920,9,SOL
4adAgYL1pT4vJbmtsXNJoGodRXqdzcg47Fs5r39xLXQniPYjGW9A9bnGE2YABU5acjrLVzB4NazRNMpAMmLtDnD6,1722752035,CREATE ACCOUNT,6Fx4Q8Zt3nahUq9FjyFjFASfMB8GTFqvnQZf4g5ETPuD,95FmVzdsryrd8gqGNmkUoqEfK7vsUMfPHmf5EQXKQCy1,1461600,9,SOL
4adAgYL1pT4vJbmtsXNJoGodRXqdzcg47Fs5r39xLXQniPYjGW9A9bnGE2YABU5acjrLVzB4NazRNMpAMmLtDnD6,1722752035,TRANSFER,6Fx4Q8Zt3nahUq9FjyFjFASfMB8GTFqvnQZf4g5ETPuD,HWEoBxYs7ssKuudEjzjmpfJVX7Dvi7wescFsVx2L5yoY,4000000,9,SOL
5x5NFs58NTqWnoCPMUXSA1Hp6NAd16rys68jSdxV1QypATzRVcgEKL9wEwW9qrNSidujA6a3ZrffN87iJ8Ez61rx,1722751981,TRANSFER,8yHvNkf7GmPwUgzdS2ogfD84kpk7o53UiDtq5x7atdRL,6Fx4Q8Zt3nahUq9FjyFjFASfMB8GTFqvnQZf4g5ETPuD,1000,9,SOL
2oh5TJpfB1mFLsETuG6e1CBThUVeSGQiBpkS9MmmZ6J4VjJH3RZVBNm7AMvhiDiaSUYMAZyBECFCcE64hkhiXG4y,1722751981,TRANSFER,8A3TznXDZaEkoP2j1b592KLz2YZg6B3i2yLEPZxXtdRL,6Fx4Q8Zt3nahUq9FjyFjFASfMB8GTFqvnQZf4g5ETPuD,1000,9,SOL
4Ci5hPiiTYgNhBTPM4zvLWv7cLra7ZGVAYRpYFJjAAwocJ73Xg3gm8nKuSipD1xF2NKHr2ehByF5HFoE1iTaG9Xx,1722751963,TRANSFER,8yu3VMBN3bq17Ris2mvFy2FwKhkpRBuf5v2oDrYdtdRL,6Fx4Q8Zt3nahUq9FjyFjFASfMB8GTFqvnQZf4g5ETPuD,2185661481,9,SOL
47YrwmRU3GRP1kDBFCoQu7svrBjqnGcvWVJNB6i4HDNCQgsDczHsnTnyQ3JXKqGWVBuJQVExEPbF9eB2aiPedUWs,1721203950,TRANSFER,6Fx4Q8Zt3nahUq9FjyFjFASfMB8GTFqvnQZf4g5ETPuD,2zYGW59eF9ZZfj2D5ngnV86e29zTX5H2nnUyd5v7ySgJ,2166196063,9,SOL
23UYpJpTzDWSgWKKq7FwnkAjedgPSagtt1H3gqNrh46LeSXVpfMog54S1XYJGrVGcqeAh1Z2QdPowbHdWAFjNq9D,1721203924,TRANSFER,6Fx4Q8Zt3nahUq9FjyFjFASfMB8GTFqvnQZf4g5ETPuD,Hu567zskjf3d2CqujTzdHd88KkrsAfe96QquacwNa7TV,44565495000000,6,GqPdJWCH8oUESTNeKQiHtugF74zZzhPvouKwpCZtC7RB
23UYpJpTzDWSgWKKq7FwnkAjedgPSagtt1H3gqNrh46LeSXVpfMog54S1XYJGrVGcqeAh1Z2QdPowbHdWAFjNq9D,1721203924,TRANSFER,6Fx4Q8Zt3nahUq9FjyFjFASfMB8GTFqvnQZf4g5ETPuD,HWEoBxYs7ssKuudEjzjmpfJVX7Dvi7wescFsVx2L5yoY,3000000,9,SOL
4cs87dcBm6xWupTGX7fhM2d7qKFs826iPX2tZ9WGLMVohrgHKJGuAQNYBVhCnvpJRJhhS7gg7cLTsa6uSAHfHTSK,1721203903,TRANSFER,6Fx4Q8Zt3nahUq9FjyFjFASfMB8GTFqvnQZf4g5ETPuD,CebN5WGQ4jvEPvsVU4EoHEpgzq1VV7AbicfhtW4xC9iM,13000000,9,SOL
4cs87dcBm6xWupTGX7fhM2d7qKFs826iPX2tZ9WGLMVohrgHKJGuAQNYBVhCnvpJRJhhS7gg7cLTsa6uSAHfHTSK,1721203903,TRANSFER,6Fx4Q8Zt3nahUq9FjyFjFASfMB8GTFqvnQZf4g5ETPuD,Hu567zskjf3d2CqujTzdHd88KkrsAfe96QquacwNa7TV,1300000000,9,SOL
4cs87dcBm6xWupTGX7fhM2d7qKFs826iPX2tZ9WGLMVohrgHKJGuAQNYBVhCnvpJRJhhS7gg7cLTsa6uSAHfHTSK,1721203903,TRANSFER,Hu567zskjf3d2CqujTzdHd88KkrsAfe96QquacwNa7TV,6Fx4Q8Zt3nahUq9FjyFjFASfMB8GTFqvnQZf4g5ETPuD,44565495207667,6,GqPdJWCH8oUESTNeKQiHtugF74zZzhPvouKwpCZtC7RB
4cs87dcBm6xWupTGX7fhM2d7qKFs826iPX2tZ9WGLMVohrgHKJGuAQNYBVhCnvpJRJhhS7gg7cLTsa6uSAHfHTSK,1721203903,CREATE ACCOUNT,6Fx4Q8Zt3nahUq9FjyFjFASfMB8GTFqvnQZf4g5ETPuD,9AHM2oWo5aS2LXQfWMoHYHtMzFXi2beuyS7KBou6Eagg,2039280,9,SOL
4cs87dcBm6xWupTGX7fhM2d7qKFs826iPX2tZ9WGLMVohrgHKJGuAQNYBVhCnvpJRJhhS7gg7cLTsa6uSAHfHTSK,1721203903,TRANSFER,6Fx4Q8Zt3nahUq9FjyFjFASfMB8GTFqvnQZf4g5ETPuD,539QLHrStGaEEUzk7hvwiakFr3spqKDgstFPzqbq7fEf,15616720,9,SOL
4cs87dcBm6xWupTGX7fhM2d7qKFs826iPX2tZ9WGLMVohrgHKJGuAQNYBVhCnvpJRJhhS7gg7cLTsa6uSAHfHTSK,1721203903,CREATE ACCOUNT,6Fx4Q8Zt3nahUq9FjyFjFASfMB8GTFqvnQZf4g5ETPuD,CiPotHb39YTdTJHtC3rCWt7Bg2QDYH7C4qfdGsjHkeXd,2039280,9,SOL
4cs87dcBm6xWupTGX7fhM2d7qKFs826iPX2tZ9WGLMVohrgHKJGuAQNYBVhCnvpJRJhhS7gg7cLTsa6uSAHfHTSK,1721203903,CREATE ACCOUNT,6Fx4Q8Zt3nahUq9FjyFjFASfMB8GTFqvnQZf4g5ETPuD,Hu567zskjf3d2CqujTzdHd88KkrsAfe96QquacwNa7TV,1231920,9,SOL
4cs87dcBm6xWupTGX7fhM2d7qKFs826iPX2tZ9WGLMVohrgHKJGuAQNYBVhCnvpJRJhhS7gg7cLTsa6uSAHfHTSK,1721203903,CREATE ACCOUNT,6Fx4Q8Zt3nahUq9FjyFjFASfMB8GTFqvnQZf4g5ETPuD,GqPdJWCH8oUESTNeKQiHtugF74zZzhPvouKwpCZtC7RB,1461600,9,SOL
4cs87dcBm6xWupTGX7fhM2d7qKFs826iPX2tZ9WGLMVohrgHKJGuAQNYBVhCnvpJRJhhS7gg7cLTsa6uSAHfHTSK,1721203903,TRANSFER,6Fx4Q8Zt3nahUq9FjyFjFASfMB8GTFqvnQZf4g5ETPuD,HWEoBxYs7ssKuudEjzjmpfJVX7Dvi7wescFsVx2L5yoY,4000000,9,SOL
3ZqPCDTKrvHyX4Gqd8QKmfAoQBeAbBmF2cy9ucMkXSoyHj4mMD1ARwqQjAicg6vnAYgv6LU8uifpkFPUGn8HuWtb,1721203766,TRANSFER,botnJaDcwwfuhkMU1B7hAFg4E6BZA1UZA6vF4midKB8,6Fx4Q8Zt3nahUq9FjyFjFASfMB8GTFqvnQZf4g5ETPuD,1,9,SOL
3gJChMXSCe5VnFkJuvRBrsBut4FSkwoMhotNp7d36rjxMNT7HGtJaYvAjuCCc9JNNUqViSiCAvPQaL44tA6i7FWT,1721203733,TRANSFER,6Fx4Q8Zt3nahUq9FjyFjFASfMB8GTFqvnQZf4g5ETPuD,GB9zwC5giQQDEcXuXLLpLH9T82n1sQgpKpouk688y9LP,47840764000000,6,BiZVZre4ukJRosE5JtwKMN7fq1e6rmtknj67Nrgmym1J
3gJChMXSCe5VnFkJuvRBrsBut4FSkwoMhotNp7d36rjxMNT7HGtJaYvAjuCCc9JNNUqViSiCAvPQaL44tA6i7FWT,1721203733,TRANSFER,6Fx4Q8Zt3nahUq9FjyFjFASfMB8GTFqvnQZf4g5ETPuD,HWEoBxYs7ssKuudEjzjmpfJVX7Dvi7wescFsVx2L5yoY,3000000,9,SOL
2zbDy1REJCxB3jVA1h2afAUgnAx6sNoCQX7rNdeU4Nj3H5DfP2oaMGTb2D8hMPzzLu1nQ5PGcs9kEFaHcGvc7ziv,1721203673,TRANSFER,6Fx4Q8Zt3nahUq9FjyFjFASfMB8GTFqvnQZf4g5ETPuD,CebN5WGQ4jvEPvsVU4EoHEpgzq1VV7AbicfhtW4xC9iM,14000000,9,SOL
2zbDy1REJCxB3jVA1h2afAUgnAx6sNoCQX7rNdeU4Nj3H5DfP2oaMGTb2D8hMPzzLu1nQ5PGcs9kEFaHcGvc7ziv,1721203673,TRANSFER,6Fx4Q8Zt3nahUq9FjyFjFASfMB8GTFqvnQZf4g5ETPuD,GB9zwC5giQQDEcXuXLLpLH9T82n1sQgpKpouk688y9LP,1400000000,9,SOL
2zbDy1REJCxB3jVA1h2afAUgnAx6sNoCQX7rNdeU4Nj3H5DfP2oaMGTb2D8hMPzzLu1nQ5PGcs9kEFaHcGvc7ziv,1721203673,TRANSFER,GB9zwC5giQQDEcXuXLLpLH9T82n1sQgpKpouk688y9LP,6Fx4Q8Zt3nahUq9FjyFjFASfMB8GTFqvnQZf4g5ETPuD,47840764331210,6,BiZVZre4ukJRosE5JtwKMN7fq1e6rmtknj67Nrgmym1J
2zbDy1REJCxB3jVA1h2afAUgnAx6sNoCQX7rNdeU4Nj3H5DfP2oaMGTb2D8hMPzzLu1nQ5PGcs9kEFaHcGvc7ziv,1721203673,CREATE ACCOUNT,6Fx4Q8Zt3nahUq9FjyFjFASfMB8GTFqvnQZf4g5ETPuD,FkGYjwtJciKF2fE5tLXpDEKSfGNZk73BcecwneBKSZ6,2039280,9,SOL
2zbDy1REJCxB3jVA1h2afAUgnAx6sNoCQX7rNdeU4Nj3H5DfP2oaMGTb2D8hMPzzLu1nQ5PGcs9kEFaHcGvc7ziv,1721203673,TRANSFER,6Fx4Q8Zt3nahUq9FjyFjFASfMB8GTFqvnQZf4g5ETPuD,55twvKJn2NfQBsLnWzSF7ypPzMfGazaopXu3zbpnUeJP,15616720,9,SOL
2zbDy1REJCxB3jVA1h2afAUgnAx6sNoCQX7rNdeU4Nj3H5DfP2oaMGTb2D8hMPzzLu1nQ5PGcs9kEFaHcGvc7ziv,1721203673,CREATE ACCOUNT,6Fx4Q8Zt3nahUq9FjyFjFASfMB8GTFqvnQZf4g5ETPuD,BGSujJhc3yv64VSHqBKRXJvseXBoAJGkRWaWGx7nuoGB,2039280,9,SOL
2zbDy1REJCxB3jVA1h2afAUgnAx6sNoCQX7rNdeU4Nj3H5DfP2oaMGTb2D8hMPzzLu1nQ5PGcs9kEFaHcGvc7ziv,1721203673,CREATE ACCOUNT,6Fx4Q8Zt3nahUq9FjyFjFASfMB8GTFqvnQZf4g5ETPuD,GB9zwC5giQQDEcXuXLLpLH9T82n1sQgpKpouk688y9LP,1231920,9,SOL
2zbDy1REJCxB3jVA1h2afAUgnAx6sNoCQX7rNdeU4Nj3H5DfP2oaMGTb2D8hMPzzLu1nQ5PGcs9kEFaHcGvc7ziv,1721203673,CREATE ACCOUNT,6Fx4Q8Zt3nahUq9FjyFjFASfMB8GTFqvnQZf4g5ETPuD,BiZVZre4ukJRosE5JtwKMN7fq1e6rmtknj67Nrgmym1J,1461600,9,SOL
2zbDy1REJCxB3jVA1h2afAUgnAx6sNoCQX7rNdeU4Nj3H5DfP2oaMGTb2D8hMPzzLu1nQ5PGcs9kEFaHcGvc7ziv,1721203673,TRANSFER,6Fx4Q8Zt3nahUq9FjyFjFASfMB8GTFqvnQZf4g5ETPuD,HWEoBxYs7ssKuudEjzjmpfJVX7Dvi7wescFsVx2L5yoY,4000000,9,SOL
3DQ4jSaKy1q5V7nno25uWYHWadFBrmN9Yr3koLuhrvZ1mgzodWU7PPTgasU7hrdcD3w8iuFk3toscE38FGdnWoE8,1721203650,TRANSFER,8eUMk3FK52JQuzyWNEHGRCPBjjLpUUqCVq8d1geUV9si,6Fx4Q8Zt3nahUq9FjyFjFASfMB8GTFqvnQZf4g5ETPuD,1000,9,SOL
3UstVYPQTjtggKwWv9nxgeH4zgByskWgYDp2brJDks2mznMt7s5Zh3ke92ynTVnSzgpTw8XBTudgcMEUwhVqy6AG,1721203642,TRANSFER,8fvtXaHoUXZyFRFA56pzSxzoo288xpZYf5EJTVUgV9si,6Fx4Q8Zt3nahUq9FjyFjFASfMB8GTFqvnQZf4g5ETPuD,1000,9,SOL
4b8icYPdDdcgWaFqVUmQbPjURkL88vp4YKpu2A1DPdUYr3DS5qE52NmkVZnekHjbzhgCUWNWaysJb9fF6c3iM7uv,1721203607,TRANSFER,8W8nX79qzLzebNVCXb7SN7ycKYpVjXvAoCqfYcanV9si,6Fx4Q8Zt3nahUq9FjyFjFASfMB8GTFqvnQZf4g5ETPuD,1000,9,SOL
4XaCJWb3oFRbb5KvyFoV7chR3Lj1Kb41KtLNPuvrpvfeRRGdB1EV68vpf4ta2swhFWa9Pabsj3ufXjSik4UxR1Mw,1721203574,TRANSFER,8eaY4wZodpRV5akFCAhP7nEEEMwbqyojRKZcEogV9si,6Fx4Q8Zt3nahUq9FjyFjFASfMB8GTFqvnQZf4g5ETPuD,2247341319,9,SOL
